project;number_of_commits;number_of_authors;max_time;min_time;number of stars;number of forks;last commit date;LongestGapStart;LongestGapEnd;LongestGapLength;NumCommitsAfterLastGap;NumberOfGapsInTimeline;ActivityPattern;BeforeThemes;AfterThemes;HypothesizedGapReason;WhyRecovered;HasRecovered;WhoRecovered;Currentstatus;RecentThemes;Notes
baggepinnen_spectraldistances.jl;759;7;1776126985;1568771532;49;5;2026-01-15;2023-02;2025-06;29;29;3;cyclical;Dependency updates:Feature development;Dependency updates:Release;I dont see an obvious cause in the commit history. The project entered the gap after routine compatibility, CI, documentation, and small feature work. Therefore I belive he gap was most likely due to a small break between a version release and maintenance;Activity restarted dependency updates, followed by compatibility maintenance, a version bump, and build-related commits. The gap seemed like more of a pause in development and was recovered after a routine break after a version release. ;Yes;Returning: CompatHelper Julia, Documenter.jl, Fredrik Bagge Carlson;Active;Other:Automated bot contributions;The project's longest inactivity gap was difficult to interpret because the surrounding commits showed routine maintenance rather than an obvious abandonment event. Activity eventually returned through dependency, compatibility, version, and build-related maintenance. Therefore, I believe it was temporary development pause rather than permanent abandonment.
itowns_itowns;9190;142;1762275571;1443101686;1300;317;2026-09-14;;;0;0;0;declining;N/A active Project;N/A active Project;N/A active Project;;;;Active;Other;The project maintained a steady activity pattern and had no inactivity gap. Because development continued throughout the timeline, there was no specific recovery event to interpret.
maria-korosteleva_garment-pattern-estimation;1378;11;1736211317;1582260169;181;21;2024-12-23;2023-12;2024-11;12;2;3;declining;Documentation updates:Dependency updates;Bug fixes:Other;the pre-gap work had shifted mainly to README, installation, and requirements maintenance, which suggests it entered a gap due to no maintenance needed.;The project returned to address issue #11 by fixing prediction naming conventions, followed by a merge commit. While it did recover, it was for only a short period. Therefore, I belive it recovered shortly to fix some final issues before going inactive again.;Yes;Returning: Daniel Corvesor, maria-korosteleva;Inactive;Feature development:Other;The project entered a long inactivity period after a lot of documentation, installation, and maintenance commits. It recovered to address an issue involving prediction naming conventions, but for only a small amount of activity. This suggests the main development effort had largely slowed or finished.
massimocimmino_pygfunction;1385;22;1771443588;1502741635;72;26;2025-08-04;2018-04;2018-10;7;1136;7;irregular;Bug fixes:Documentation updates;Feature development:Documentation updates;The gap followed the version 1.1.0 release cycle and a sequence of bug fixes, which suggests a pause between development and release cycles.;Development resumed with substantial feature work, including a networks package, a Network class, and new interface. This suggests it recovered gracefully and according to schedule after a release cycle break.;Yes;Returning: Unknown;Active;Other:Bug fixes;The longest gap is most likely a pause between development or release cycles. The project recovered strongly with new feature development, including network-related functionality. This shows there was no abandonment, and rather a successful return to real development.
nimble-dev_nimble;9730;73;1762381653;1402585122;198;27;2026-08-31;;;0;0;0;steady;N/A active Project;N/A active Project;N/A active Project;;;;Active;Other:Documentation updates;The project maintained steady activity and had no qualifying inactivity gap. There was therefore no specific recovery period to interpret.
raysect_source;2366;33;1758534567;1376432727;112;25;2025-08-25;2024-03;2024-09;7;143;4;cyclical;Feature development:Other;Other:Dependency updates;The gap followed migration work and a v0.8.1 build fix, suggesting a temporary pause between development phases.;Development resumed with setup and build refactoring, dependency constraint updates, and a bug fix. This one again suggests a scheduled break between development cycles that recovered gracefully.;Yes;New: munechika-koyo, vsnever;Active;Documentation updates:Other;The exact cause of the longest gap was not obvious, but it followed migration and build-related development. Activity later resumed with refactoring, bug fixes, and additional features. The gap suggests a small break between development phases.
serock3_master_thesis_qec_simulation;496;6;1639215098;1611075452;5;0;2024-09-07;2021-11;2021-11;1;1;0;cyclical;Documentation updates:Feature development;Documentation updates;The repository was created for a Master's thesis and a six-week continuation project. The inactivity period is probably because of completion of an academic project phase.;The first available post-gap WoC commit was a small README spelling and grammar update, so the initial return was brief and documentation-focused. This suggests the brief return was to fix some small issues and typos before final submission of the thesis.;Yes;Returning: Sebastian Holmin;Inactive;Feature development:Other;The project's inactivity is related to the fact that it is a Master's thesis and continuation project. Only minor README work occurred after the gap, so its recovery was brief and documentation-focused. This shows that it was most likely near completion and the author returned after the gap for small document changes before submission.
tf-encrypted_tf-encrypted;3165;49;1727242358;1521656591;1200;211;2024-09-25;2023-11;2024-08;10;2;4;declining;Bug fixes:Documentation updates;Bug fixes;The pre-gap commits include compatibility and bug fixes. Multiple installation and compatibility problems were also reported around this period, suggesting reduced maintenance during a difficult compatibility phase.;The project returned for a narrow bug fix. Only two post-gap commits were available, so the recovery was limited. I believe the recovery was a final unsuccessful attempt to fix complex bugs, before abandoning the project alltogether.;Yes;New: Zhicong Huang (Zico);Inactive;Other:Bug fixes;The project showed declining activity, with compatibility and bug-fix work before and after its longest gap. It recovered for a few bug fixes, but the return was limited. The evidence suggests increasing maintenance and compatibility difficulties as development declined led to its eventual abandonment.
the-virtual-brain_tvb-root;10306;136;1776180337;1401877909;190;151;2026-09-23;2018-07;2018-11;5;7764;1;steady;Documentation updates:Other;Release:Bug fixes;The surrounding commits indicate repository reorganization and migration work. This shows possible completion of the project before publishing. post-gap commits mention moving and renaming code before publishing fully on GitHub.;Activity resumed during GitHub publication and repository integration work, including merges from TVB framework and library branches, Docker-related work, and bug fixes. This suggests the recovery was due to final touches and migration patches after completeting the bulk of the project and taking a break, but before publishing the work.;Yes;"Returning: liadomide; New: mihandrei, popaula937";Active;Other:Bug fixes;The longest gap is related to repository migration and organization. Activity returned strongly through GitHub publication, repository integration, and compatibility work. The project therefore demonstrated a clear recovery, most likely due to migration of the project elsewhere.
xtra-computing_thundergbm;683;24;1742375195;1453180646;715;88;2025-03-19;2024-02;2025-02;13;2;7;declining;Feature development:Bug fixes;Documentation updates;The gap followed a heavy optimization and bug-fix phase, while the immediately post-gap activity consisted only of README updates, suggesting that core development had substantially slowed.;The gap ended with two README updates. This suggest a short document related recovery, rather than a broad return to core feature development.;Yes;Returning: Borui Xu;Inactive;Other:Bug fixes;The project showed declining activity after a period of optimization and bug-fix development. Following the longest gap, only a small number of README changes occurred. This suggests that core development had largly slowed.
