Month;#Commits
2014-06;113
2014-07;97
2014-08;59
2014-09;140
2014-10;188
2014-11;115
2014-12;62
2015-01;114
2015-02;51
2015-03;4
2015-04;10
2015-05;10
2015-06;123
2015-07;184
2015-08;95
2015-09;31
2015-10;15
2015-11;67
2015-12;37
2016-01;7
2016-02;16
2016-03;38
2016-04;96
2016-05;40
2016-06;138
2016-07;39
2016-08;38
2016-09;6
2016-10;16
2016-11;9
2016-12;5
2017-01;5
2017-02;0
2017-03;14
2017-04;2
2017-05;80
2017-06;16
2017-07;49
2017-08;40
2017-09;36
2017-10;106
2017-11;53
2017-12;93
2018-01;18
2018-02;7
2018-03;2
2018-04;8
2018-05;2
2018-06;48
2018-07;0
2018-08;0
2018-09;0
2018-10;0
2018-11;0
2018-12;1
2019-01;1
2019-02;0
2019-03;3
2019-04;0
2019-05;52
2019-06;7
2019-07;14
2019-08;0
2019-09;0
2019-10;550
2019-11;148
2019-12;146
2020-01;139
2020-02;372
2020-03;289
2020-04;323
2020-05;318
2020-06;240
2020-07;288
2020-08;191
2020-09;235
2020-10;245
2020-11;222
2020-12;238
2021-01;186
2021-02;183
2021-03;173
2021-04;164
2021-05;79
2021-06;123
2021-07;108
2021-08;114
2021-09;122
2021-10;163
2021-11;229
2021-12;37
2022-01;28
2022-02;14
2022-03;27
2022-04;35
2022-05;97
2022-06;93
2022-07;106
2022-08;106
2022-09;71
2022-10;135
2022-11;233
2022-12;49
2023-01;79
2023-02;60
2023-03;84
2023-04;32
2023-05;38
2023-06;46
2023-07;74
2023-08;45
2023-09;43
2023-10;1
2023-11;36
2023-12;5
2024-01;2
2024-02;21
2024-03;34
2024-04;62
2024-05;31
2024-06;25
2024-07;27
2024-08;8
2024-09;26
2024-10;5
2024-11;29
2024-12;0
2025-01;8
2025-02;5
2025-03;37
2025-04;23
2025-05;5
2025-06;23
2025-07;36
2025-08;25
2025-09;11
2025-10;6
2025-11;0
2025-12;6
2026-01;1
2026-02;1
2026-03;2
2026-04;65
